[{"cs-1":["nav_menu-9"],"wp_inactive_widgets":["zflickr-2","archives-2","meta-2","search-2","categories-2","recent-posts-2","recent-comments-2","divider-8","meta-4","text-2","text-4","text-7","rev-slider-widget-3"],"main_sidebar":["search-3","advanced-recent-posts-2","advanced-latest-course-2","advanced-latest-event-2"],"topnav_sidebar":["text-17","icl_lang_sel_widget"],"footer_sidebar":["text-10","text-11","text-13","text-16","divider-6","nav_menu-6","nav_menu-7","nav_menu-8","text-14","divider-7","text-15","recent-posts-3","nav_menu-10","zflickr-3"]},{"nav_menu":{"9":{"title":"Shortcodes List","nav_menu":30},"6":{"title":"LAW & BUSINESS","nav_menu":31},"7":{"title":"ENGINEERING","nav_menu":32},"8":{"title":"HIGHER EDUCATION","nav_menu":33},"10":{"title":"OTHER LINKS","nav_menu":35},"_multiwidget":1},"search":{"3":{"title":""},"2":{"title":""},"_multiwidget":1},"advanced-recent-posts":{"2":{"title":"Latest post","ids":"","tags":"","cats":null,"number":3},"_multiwidget":1},"advanced-latest-course":{"2":{"title":"Courses","ids":"","sort_by":"upcoming","tags":"","cats":"","number":3},"_multiwidget":1},"advanced-latest-event":{"2":{"title":"Events","ids":"","sort_by":"upcoming","tags":"","cats":"","number":3},"_multiwidget":1},"text":{"17":{"title":"","text":"<a href=\"#\"><i class=\"fa fa-facebook\"><\/i><\/a><a href=\"#\"><i class=\"fa fa-youtube\"><\/i><\/a><a href=\"#\"><i class=\"fa fa-twitter\"><\/i><\/a>","filter":false},"10":{"title":"","text":"[textbox icon=\"fa-cube\" heading=\"Research\" layout=\"left\"]Atero voluptatum ptatum eos et accusamus et iusto[\/textbox]","filter":false},"11":{"title":"","text":"[textbox icon=\"fa-leaf\" heading=\"Engage\" layout=\"left\"]At vero eos et accusamus et iusto odio dignissimos ducimus[\/textbox]","filter":false},"13":{"title":"","text":"[textbox icon=\"fa-thumbs-up\" heading=\"Commitment\" layout=\"left\"]Ptatum eos et accusamus et iusto odio dignissimos ducimus[\/textbox]","filter":false},"16":{"title":"","text":"[textbox icon=\"fa-rocket\" heading=\"Innovation\" layout=\"left\"]Sed ut perspiciatis unde omnis iste natus error sit voluptatem[\/textbox]","filter":false},"14":{"title":"CONTACT","text":"Email: email-us@example.com\r\nTelephone: 0123 456 789\r\nAdress: 123 Main street, Los Angeles, CA, USA","filter":true},"15":{"title":"UNIVERSITY THEME","text":"University is an advanced Wordpress theme for education, school, training center. There are course and event custom post types so you can easily create and manage course, events. You can also create store using WooCommerce with this theme.","filter":false},"2":{"title":"","text":"<div class=\"un-icon-box media\">\r\n                          <div class=\"pull-left\">\r\n                            <div class=\"un-icon\">\r\n                                <i class=\"fa fa-star\"><\/i>\r\n                            <\/div>\r\n                          <\/div>\r\n                          <div class=\"media-body\">\r\n                            <h4 class=\"media-heading\">Media heading<\/h4>\r\n                            <p>Cras sit amet nibh libero. Nulla vel metuscommodo. Cras purus odio, vestibulum in vulputate at<\/p>\r\n                          <\/div>\r\n                        <\/div>","filter":false},"4":{"title":"","text":"<div class=\"un-icon-box media\">\r\n                          <div class=\"pull-left\">\r\n                            <div class=\"un-icon\">\r\n                                <i class=\"fa fa-leaf\"><\/i>\r\n                            <\/div>\r\n                          <\/div>\r\n                          <div class=\"media-body\">\r\n                            <h4 class=\"media-heading\">Media heading<\/h4>\r\n                            <p>Cras sit amet nibh libero. Nulla vel metuscommodo. Cras purus odio, vestibulum in vulputate at<\/p>\r\n                          <\/div>\r\n                        <\/div>","filter":false},"7":{"title":"Contact","text":"Email: contact@university.com<br>\r\nTelephone: 0123 456 789<br>\r\nAndress: 123 Main street, Los Angeles, CA, USA","filter":false},"_multiwidget":1},"":{"cl_lang_sel_widget":null,"_multiwidget":null},"divider":{"6":{"title":"ENROLL TODAY","style":"big_box"},"7":{"title":"","style":"small_box"},"8":{"title":"","style":"small_box"},"_multiwidget":1},"recent-posts":{"3":{"title":"RECENT POSTS","number":6,"show_date":false},"2":{"title":"","number":5},"_multiwidget":1},"zflickr":{"3":{"type":"user","flickr_id":"57057024@N00","count":9,"display":"latest","size":"t","title":"Flickr Widget","copyright":0,"tab":["1","","",""],"intro_text":"","outro_text":"","custom":""},"2":{"type":"user","flickr_id":"57057024@N00","count":9,"display":"latest","size":"t","title":"Flickr Widget","copyright":0,"tab":["1","","",""],"intro_text":"","outro_text":"","custom":""},"_multiwidget":1},"archives":{"2":{"title":"","count":0,"dropdown":0},"_multiwidget":1},"meta":{"2":{"title":""},"4":{"title":"Higher Study"},"_multiwidget":1},"categories":{"2":{"title":"","count":0,"hierarchical":0,"dropdown":0},"_multiwidget":1},"recent-comments":{"2":{"title":"","number":5},"_multiwidget":1},"rev-slider-widget":{"3":{"rev_slider_title":"","rev_slider":"3","rev_slider_pages":""},"_multiwidget":1}}]